date,minimum_traffic_index,maximum_traffic_index,average_traffic_index,temperature_mean_c,temperature_min_c,temperature_max_c,humidity_mean_pct,precipitation_sum_mm,rain_sum_mm,pressure_mean_hpa,cloud_cover_mean_pct,wind_speed_mean_kmh,wind_gusts_max_kmh,day_of_week,month,is_weekend,is_rainy,is_heavy_rain
2023-01-01,1,45,16.927083333333332,8.041666666666666,3.3,13.5,77.375,0.0,0.0,1032.0375000000001,0.25,7.879166666666666,19.4,Sunday,1,True,False,False
2023-01-02,1,67,26.003460207612456,7.3125,3.4,10.4,87.375,0.0,0.0,1030.8083333333334,6.208333333333333,6.420833333333333,17.3,Monday,1,False,False,False
2023-01-03,1,72,31.372822299651567,7.708333333333333,3.3,10.2,87.625,0.0,0.0,1027.1625,17.291666666666668,11.270833333333334,31.7,Tuesday,1,False,False,False
2023-01-04,1,83,31.975088967971526,8.950000000000001,6.8,11.6,89.33333333333333,0.2,0.2,1026.3999999999999,96.125,10.308333333333334,28.8,Wednesday,1,False,True,False
2023-01-05,1,72,31.25,9.758333333333333,8.6,11.4,88.54166666666667,0.0,0.0,1021.2166666666667,55.25,9.85,28.1,Thursday,1,False,False,False
2023-01-06,1,72,32.53125,10.291666666666666,6.9,12.6,87.79166666666667,1.4,1.4,1021.35,58.166666666666664,12.570833333333333,36.4,Friday,1,False,True,False
2023-01-07,1,62,27.4375,7.4125000000000005,3.9,11.1,87.08333333333333,0.0,0.0,1024.5625,39.083333333333336,5.216666666666667,15.8,Saturday,1,True,False,False
2023-01-08,1,47,16.75,6.675,2.2,11.8,83.0,0.0,0.0,1023.2333333333332,23.833333333333332,7.595833333333334,20.9,Sunday,1,True,False,False
2023-01-09,1,69,29.256944444444443,7.270833333333333,4.2,10.0,72.41666666666667,0.0,0.0,1020.5124999999999,18.125,11.258333333333333,29.9,Monday,1,False,False,False
2023-01-10,1,72,31.534722222222225,9.883333333333333,5.6,12.9,65.45833333333333,2.1,2.1,1014.2708333333334,88.375,19.162499999999998,46.4,Tuesday,1,False,True,False
2023-01-11,2,78,35.94444444444444,10.450000000000001,9.1,12.6,80.625,1.1,1.1,1014.5083333333333,100.0,12.320833333333333,35.3,Wednesday,1,False,True,False
2023-01-12,1,76,34.982638888888886,9.254166666666666,6.7,13.4,91.375,2.5,2.5,1017.0041666666666,95.04166666666667,12.770833333333334,39.2,Thursday,1,False,True,False
2023-01-13,8,81,39.548611111111114,9.516666666666667,7.8,12.6,87.04166666666667,0.7,0.7,1018.7624999999999,98.125,16.795833333333334,37.1,Friday,1,False,True,False
2023-01-14,1,56,26.024305555555557,8.941666666666666,7.8,10.5,84.375,0.0,0.0,1019.9833333333332,94.25,17.170833333333334,33.8,Saturday,1,True,False,False
2023-01-15,1,42,14.409722222222221,8.520833333333334,6.6,10.9,82.625,0.1,0.1,1020.3666666666667,56.5,17.854166666666668,38.9,Sunday,1,True,True,False
2023-01-16,1,67,28.180555555555557,7.804166666666667,4.4,10.6,85.875,0.0,0.0,1015.5124999999999,42.583333333333336,11.316666666666668,40.7,Monday,1,False,False,False
2023-01-17,1,76,33.11805555555556,13.483333333333334,10.3,15.2,62.5,0.0,0.0,1011.8041666666667,72.33333333333333,32.11666666666667,73.1,Tuesday,1,False,False,False
2023-01-18,1,72,33.53472222222222,15.245833333333332,14.2,17.2,56.958333333333336,0.0,0.0,1013.1916666666666,62.083333333333336,35.041666666666664,77.8,Wednesday,1,False,False,False
2023-01-19,1,76,34.173611111111114,13.345833333333333,9.4,16.9,65.08333333333333,0.0,0.0,1016.3666666666667,66.5,20.454166666666666,54.4,Thursday,1,False,False,False
2023-01-20,1,90,36.529824561403515,12.170833333333334,7.6,17.0,68.91666666666667,4.0,4.0,1012.6541666666667,45.625,15.5875,53.6,Friday,1,False,True,False
2023-01-21,1,65,31.722222222222225,11.533333333333333,8.2,15.4,72.70833333333333,0.0,0.0,1017.5083333333333,27.875,10.483333333333333,40.0,Saturday,1,True,False,False
2023-01-22,1,51,20.90181818181818,10.674999999999999,6.9,16.8,75.66666666666667,0.0,0.0,1021.7958333333332,67.375,8.220833333333333,19.4,Sunday,1,True,False,False
2023-01-23,1,74,31.14236111111111,9.070833333333333,7.4,11.2,82.875,0.0,0.0,1026.9708333333333,96.20833333333333,20.020833333333332,41.8,Monday,1,False,False,False
2023-01-24,1,80,36.979166666666664,7.7375,6.4,9.1,69.25,0.0,0.0,1029.3166666666666,93.375,19.466666666666665,39.2,Tuesday,1,False,False,False
2023-01-25,4,81,39.27777777777778,6.1499999999999995,4.8,7.2,75.66666666666667,0.1,0.1,1027.5458333333333,79.25,21.120833333333334,49.0,Wednesday,1,False,True,False
2023-01-26,1,78,35.447916666666664,8.75,5.2,12.1,71.79166666666667,0.0,0.0,1017.4083333333333,88.16666666666667,18.79583333333333,45.0,Thursday,1,False,False,False
2023-01-27,1,72,41.798283261802574,9.741666666666667,8.6,11.9,82.58333333333333,8.8,8.8,1007.0958333333333,95.625,9.666666666666666,46.4,Friday,1,False,True,False
2023-01-28,1,74,33.99305555555556,6.270833333333333,4.0,9.6,82.45833333333333,2.2,2.2,1012.6125000000001,93.04166666666667,15.695833333333333,40.0,Saturday,1,True,True,False
2023-01-29,1,60,25.744755244755243,4.095833333333333,3.0,5.6,70.58333333333333,0.0,0.0,1020.0583333333334,97.41666666666667,14.6,44.3,Sunday,1,True,False,False
2023-01-30,1,74,36.50694444444445,3.5375,-0.3,6.2,67.75,0.0,0.0,1016.9791666666666,75.75,13.679166666666667,31.3,Monday,1,False,False,False
2023-01-31,1,81,39.8974358974359,2.725,-1.6,6.8,76.875,0.4,0.4,1013.1083333333332,86.125,10.512500000000001,32.0,Tuesday,1,False,True,False
2023-02-01,11,81,39.871080139372815,5.120833333333334,2.6,7.4,69.83333333333333,1.3,1.3,1017.5666666666666,43.125,13.329166666666666,35.3,Wednesday,2,False,True,False
2023-02-02,1,78,35.375,7.529166666666666,6.1,9.4,71.875,0.8999999999999999,0.8999999999999999,1018.0916666666667,63.375,22.625,51.1,Thursday,2,False,True,False
2023-02-03,6,74,34.99650349650349,4.1375,1.4,7.6,78.5,1.7000000000000002,1.6,1020.7291666666666,47.291666666666664,8.229166666666666,26.6,Friday,2,False,True,False
2023-02-04,1,76,33.66197183098592,4.970833333333333,3.7,7.0,79.45833333333333,2.6,2.6,1013.5041666666666,86.625,20.587500000000002,54.0,Saturday,2,True,True,False
2023-02-05,1,45,22.5191637630662,2.845833333333333,2.0,4.7,85.41666666666667,15.0,10.6,1013.2541666666666,93.08333333333333,36.93333333333333,82.4,Sunday,2,True,True,True
2023-02-06,13,67,36.86805555555556,3.029166666666667,1.8,4.8,78.91666666666667,14.4,6.6000000000000005,1018.525,97.83333333333333,40.77916666666666,87.1,Monday,2,False,True,True
2023-02-07,9,62,29.411971830985916,1.5583333333333333,0.5,2.6,70.5,2.3000000000000003,0.30000000000000004,1028.0291666666667,80.125,33.487500000000004,73.1,Tuesday,2,False,True,False
2023-02-08,11,58,29.17832167832168,1.9791666666666667,0.0,3.3,75.875,2.5,1.6,1033.325,71.41666666666667,26.545833333333334,66.2,Wednesday,2,False,True,False
2023-02-09,9,76,31.232394366197184,3.608333333333333,2.0,5.5,72.70833333333333,1.6,1.6,1035.2375,95.83333333333333,21.991666666666664,54.4,Thursday,2,False,True,False
2023-02-10,4,69,28.126315789473683,3.420833333333333,2.0,5.7,63.666666666666664,0.0,0.0,1035.1791666666666,48.833333333333336,18.445833333333333,42.1,Friday,2,False,False,False
2023-02-11,1,51,20.114982578397207,2.9499999999999997,-1.5,6.1,63.916666666666664,0.0,0.0,1032.3166666666666,50.375,13.575000000000001,36.0,Saturday,2,True,False,False
2023-02-12,1,44,15.469964664310954,2.7583333333333333,-3.0,7.4,70.79166666666667,0.1,0.1,1029.4333333333334,62.958333333333336,8.004166666666666,26.6,Sunday,2,True,True,False
2023-02-13,4,76,30.73611111111111,4.379166666666666,-0.4,7.7,65.5,0.1,0.1,1034.6958333333334,41.916666666666664,14.316666666666668,34.2,Monday,2,False,True,False
2023-02-14,1,78,35.11458333333333,3.5625,-1.1,8.4,74.83333333333333,0.0,0.0,1028.4375,55.666666666666664,6.416666666666667,25.6,Tuesday,2,False,False,False
2023-02-15,1,71,32.21875,4.1875,1.0,6.2,74.29166666666667,0.6000000000000001,0.6000000000000001,1029.5916666666667,58.291666666666664,16.241666666666667,43.6,Wednesday,2,False,True,False
2023-02-16,1,74,31.347222222222225,3.8249999999999997,-1.3,7.9,76.29166666666667,0.0,0.0,1031.2791666666667,15.708333333333334,10.275,38.2,Thursday,2,False,False,False
2023-02-17,2,72,32.045138888888886,7.8374999999999995,4.8,10.8,71.95833333333333,0.0,0.0,1027.2625,33.791666666666664,20.599999999999998,43.2,Friday,2,False,False,False
2023-02-18,2,60,27.256944444444443,10.299999999999999,7.8,12.9,71.75,0.0,0.0,1023.4916666666667,87.79166666666667,23.566666666666666,50.4,Saturday,2,True,False,False
2023-02-19,1,53,19.572916666666664,11.633333333333333,9.5,14.9,73.375,0.0,0.0,1019.4166666666666,48.708333333333336,22.962500000000002,48.6,Sunday,2,True,False,False
2023-02-20,1,74,29.399305555555557,8.775,3.8,12.2,85.83333333333333,3.9,3.9,1021.0124999999999,52.5,13.9125,42.8,Monday,2,False,True,False
2023-02-21,1,72,32.43356643356643,9.862499999999999,4.7,13.9,76.66666666666667,0.0,0.0,1018.2083333333334,31.416666666666668,18.474999999999998,43.2,Tuesday,2,False,False,False
2023-02-22,1,72,31.84375,10.216666666666667,6.0,14.1,78.25,0.0,0.0,1015.9833333333332,38.041666666666664,10.770833333333334,31.0,Wednesday,2,False,False,False
2023-02-23,1,71,31.802083333333332,8.583333333333334,5.2,14.8,83.95833333333333,0.0,0.0,1018.1750000000001,47.458333333333336,15.6875,46.1,Thursday,2,False,False,False
2023-02-24,1,69,31.538194444444443,7.720833333333334,5.8,12.4,88.25,0.0,0.0,1016.4833333333332,60.416666666666664,9.554166666666667,35.6,Friday,2,False,False,False
2023-02-25,1,63,30.910071942446045,12.025,8.1,15.8,74.08333333333333,0.0,0.0,1012.4666666666667,43.875,22.758333333333336,47.5,Saturday,2,True,False,False
2023-02-26,1,49,19.17013888888889,13.733333333333334,11.8,16.6,60.916666666666664,0.0,0.0,1013.9916666666667,92.125,16.958333333333332,45.4,Sunday,2,True,False,False
2023-02-27,1,63,28.42957746478873,14.370833333333332,11.4,19.1,63.541666666666664,0.0,0.0,1018.6374999999999,99.54166666666667,8.4125,33.8,Monday,2,False,False,False
2023-02-28,1,74,37.73958333333333,9.35,8.1,12.4,89.625,2.4,2.4,1024.1958333333334,100.0,19.454166666666666,43.6,Tuesday,2,False,True,False
2023-03-01,4,74,36.08362369337979,8.137500000000001,7.2,9.6,89.58333333333333,2.8,2.8,1021.0708333333333,100.0,26.416666666666668,52.6,Wednesday,3,False,True,False
2023-03-02,1,72,33.25694444444444,7.541666666666667,6.9,8.6,81.91666666666667,0.0,0.0,1019.9041666666667,100.0,22.337500000000002,46.1,Thursday,3,False,False,False
2023-03-03,1,71,30.944444444444443,7.883333333333333,6.2,10.1,85.875,0.30000000000000004,0.30000000000000004,1017.2041666666668,90.41666666666667,11.591666666666667,31.3,Friday,3,False,True,False
2023-03-04,1,63,30.439024390243905,8.179166666666667,4.4,11.9,86.58333333333333,0.4,0.4,1016.7791666666667,91.33333333333333,6.658333333333334,25.2,Saturday,3,True,True,False
2023-03-05,1,47,21.925266903914594,9.095833333333333,7.1,13.1,91.5,18.1,18.1,1009.8583333333332,99.75,7.279166666666666,29.9,Sunday,3,True,True,True
2023-03-06,2,67,28.958333333333332,8.095833333333333,4.4,11.5,87.83333333333333,0.1,0.1,1013.3791666666666,29.666666666666668,7.825,21.6,Monday,3,False,True,False
2023-03-07,1,67,30.368421052631575,11.079166666666666,8.6,14.0,78.33333333333333,0.1,0.1,1012.3083333333334,75.5,18.754166666666666,42.1,Tuesday,3,False,True,False
2023-03-08,1,74,35.49305555555556,11.887500000000001,10.1,15.3,85.0,1.6,1.6,1012.1833333333334,55.0,15.516666666666666,39.2,Wednesday,3,False,True,False
2023-03-09,1,69,32.40277777777778,13.016666666666666,10.7,16.1,79.08333333333333,0.8,0.8,1011.1791666666667,72.70833333333333,21.354166666666668,44.6,Thursday,3,False,True,False
2023-03-10,1,71,33.513888888888886,14.25,11.8,16.7,74.625,0.0,0.0,1009.4458333333333,80.45833333333333,23.358333333333334,52.2,Friday,3,False,False,False
2023-03-11,1,71,30.12982456140351,13.645833333333334,11.4,16.5,79.58333333333333,17.400000000000002,17.400000000000002,1001.2541666666666,79.16666666666667,30.03333333333333,67.7,Saturday,3,True,True,True
2023-03-12,1,47,21.170731707317078,8.779166666666667,6.7,11.6,72.16666666666667,1.0,1.0,1010.4916666666667,97.20833333333333,22.266666666666666,50.0,Sunday,3,True,True,False
2023-03-13,1,69,30.238596491228073,7.554166666666667,6.0,9.1,64.75,0.1,0.1,1019.9333333333334,66.79166666666667,26.804166666666664,60.1,Monday,3,False,True,False
2023-03-14,1,71,32.46503496503497,7.2875000000000005,4.2,10.0,68.41666666666667,0.0,0.0,1016.1875,47.916666666666664,16.745833333333334,42.5,Tuesday,3,False,False,False
2023-03-15,1,74,34.048611111111114,9.354166666666666,3.5,14.3,76.41666666666667,0.0,0.0,1007.0041666666666,46.375,5.691666666666666,20.9,Wednesday,3,False,False,False
2023-03-16,1,76,38.12847222222222,10.070833333333333,8.4,14.6,90.625,8.6,8.6,1008.5208333333334,99.91666666666667,12.908333333333333,40.7,Thursday,3,False,True,False
2023-03-17,8,81,44.986111111111114,7.4624999999999995,6.7,8.3,90.16666666666667,18.3,18.3,1017.3958333333334,100.0,26.929166666666664,56.9,Friday,3,False,True,True
2023-03-18,4,74,29.965909090909086,7.441666666666666,6.8,8.4,88.625,6.4,6.4,1018.9291666666667,100.0,21.587500000000002,46.1,Saturday,3,True,True,False
2023-03-19,6,63,23.6,8.6625,7.9,10.0,90.45833333333333,3.0,3.0,1020.0041666666666,100.0,21.245833333333334,51.1,Sunday,3,True,True,False
2023-03-20,1,74,31.970149253731343,8.975,5.8,12.6,85.45833333333333,0.0,0.0,1019.8708333333334,58.875,8.254166666666666,23.4,Monday,3,False,False,False
2023-03-21,1,78,37.46363636363636,10.033333333333333,4.7,17.7,82.83333333333333,0.0,0.0,1014.5833333333334,74.875,11.433333333333332,37.4,Tuesday,3,False,False,False
2023-03-22,1,90,42.31884057971014,8.820833333333333,8.1,11.6,92.16666666666667,12.1,12.1,1013.6750000000001,100.0,16.8125,39.2,Wednesday,3,False,True,True
2023-03-23,1,72,26.55719557195572,9.145833333333334,6.4,12.0,88.75,1.2000000000000002,1.2000000000000002,1017.4625,83.75,12.445833333333333,32.8,Thursday,3,False,True,False
2023-03-24,1,78,27.00729927007299,8.975,5.8,14.2,88.66666666666667,0.0,0.0,1017.6041666666666,54.875,8.6,25.2,Friday,3,False,False,False
2023-03-25,1,51,19.610294117647054,8.770833333333334,4.9,15.3,94.45833333333333,0.0,0.0,1011.8541666666666,73.83333333333333,6.654166666666666,25.2,Saturday,3,True,False,False
2023-03-26,1,44,9.325842696629213,10.299999999999999,7.1,15.3,90.83333333333333,7.199999999999999,7.199999999999999,1010.5375,57.25,7.5249999999999995,29.2,Sunday,3,True,True,False
2023-03-27,1,69,28.79245283018868,13.8125,6.9,18.0,72.54166666666667,0.0,0.0,1004.8083333333334,32.041666666666664,18.533333333333335,65.9,Monday,3,False,False,False
2023-03-28,6,69,35.642105263157895,8.708333333333334,5.8,11.8,85.54166666666667,18.9,18.9,1007.2291666666666,98.45833333333333,17.770833333333332,66.6,Tuesday,3,False,True,True
2023-03-29,1,81,30.42,4.283333333333333,1.6,6.7,81.45833333333333,10.6,9.5,1021.0333333333333,68.58333333333333,14.895833333333334,51.1,Wednesday,3,False,True,True
2023-03-30,1,78,22.915662650602407,5.175,0.5,8.7,64.91666666666667,0.30000000000000004,0.2,1024.2166666666667,6.5,10.629166666666666,37.4,Thursday,3,False,True,False
2023-03-31,1,80,30.079710144927535,9.35,4.2,12.2,66.95833333333333,0.4,0.4,1016.2833333333333,55.208333333333336,16.154166666666665,41.8,Friday,3,False,True,False
2023-04-01,1,67,26.443181818181817,14.112499999999999,10.4,18.1,67.41666666666667,3.8,3.8,1007.9291666666667,64.5,23.525000000000002,55.1,Saturday,4,True,True,False
2023-04-02,1,60,19.986062717770036,13.408333333333333,12.1,15.6,83.5,6.4,6.4,1009.2708333333334,99.625,17.804166666666667,40.7,Sunday,4,True,True,False
2023-04-03,1,71,28.774305555555557,13.179166666666667,10.3,19.2,82.41666666666667,4.6,4.6,1008.85,97.0,15.6875,46.8,Monday,4,False,True,False
2023-04-04,1,83,34.270370370370365,12.908333333333333,9.9,19.2,86.16666666666667,8.5,8.5,1003.475,88.66666666666667,8.8125,29.5,Tuesday,4,False,True,False
2023-04-05,1,81,32.697916666666664,8.154166666666667,6.7,10.4,83.66666666666667,1.8,1.8,1011.8291666666668,97.95833333333333,15.4125,42.1,Wednesday,4,False,True,False
2023-04-06,1,89,33.44128113879004,9.783333333333333,6.1,14.9,81.33333333333333,5.1,5.1,1012.1083333333332,80.16666666666667,7.504166666666666,27.0,Thursday,4,False,True,False
2023-04-07,2,80,25.489208633093526,8.7875,6.7,10.9,83.33333333333333,1.5,1.5,1016.7125,57.291666666666664,14.700000000000001,36.0,Friday,4,False,True,False
2023-04-08,1,72,29.97872340425532,10.091666666666667,6.8,14.9,82.79166666666667,0.30000000000000004,0.30000000000000004,1019.85,38.291666666666664,15.829166666666666,41.8,Saturday,4,True,True,False
2023-04-09,1,58,20.91044776119403,10.387500000000001,8.4,13.2,80.70833333333333,0.3,0.3,1018.3625000000001,82.625,22.537499999999998,49.3,Sunday,4,True,True,False
2023-04-10,1,81,34.13483146067416,9.6625,9.1,11.2,88.29166666666667,4.4,4.4,1011.7416666666667,100.0,22.945833333333336,51.5,Monday,4,False,True,False
2023-04-11,1,85,37.34782608695652,9.695833333333333,8.6,11.3,84.95833333333333,5.9,5.9,1006.8541666666666,99.95833333333333,16.5625,44.6,Tuesday,4,False,True,False
2023-04-12,6,87,36.251184834123215,10.275,8.9,12.4,88.29166666666667,13.1,13.1,1005.1041666666666,80.95833333333333,17.295833333333334,56.2,Wednesday,4,False,True,True
2023-04-13,1,76,22.951724137931038,11.916666666666666,8.4,15.9,76.66666666666667,0.0,0.0,1011.275,15.708333333333334,11.262500000000001,32.4,Thursday,4,False,False,False
2023-04-14,1,83,32.58510638297872,15.195833333333333,11.3,19.8,67.16666666666667,0.0,0.0,1011.6666666666666,65.33333333333333,16.108333333333334,36.7,Friday,4,False,False,False
2023-04-15,1,63,29.083333333333332,15.525,11.8,19.7,71.25,0.1,0.1,1013.2541666666666,97.04166666666667,7.3875,25.9,Saturday,4,True,True,False
2023-04-16,1,49,16.296819787985864,15.049999999999999,11.5,19.5,85.79166666666667,0.30000000000000004,0.30000000000000004,1012.0833333333334,93.83333333333333,5.766666666666667,24.1,Sunday,4,True,True,False
2023-04-17,1,74,31.282229965156795,13.916666666666666,10.4,18.7,85.16666666666667,0.7000000000000001,0.7000000000000001,1010.9625,80.16666666666667,11.720833333333333,37.4,Monday,4,False,True,False
2023-04-18,1,76,32.989436619718305,12.4,9.6,16.9,89.16666666666667,2.5,2.5,1011.3375,71.16666666666667,14.904166666666667,38.9,Tuesday,4,False,True,False
2023-04-19,1,69,30.108391608391607,11.6625,8.4,16.6,89.45833333333333,4.5,4.5,1010.7416666666667,81.83333333333333,8.895833333333334,31.3,Wednesday,4,False,True,False
2023-04-20,1,63,19.254480286738353,11.825000000000001,8.9,15.0,90.29166666666667,0.2,0.2,1011.6083333333332,67.95833333333333,9.345833333333333,37.8,Thursday,4,False,True,False
2023-04-21,1,80,33.51398601398601,12.383333333333333,9.0,16.8,87.54166666666667,1.3,1.3,1012.1541666666667,43.458333333333336,8.762500000000001,36.4,Friday,4,False,True,False
2023-04-22,1,72,36.75087719298246,13.479166666666666,10.1,17.4,71.91666666666667,0.0,0.0,1014.8083333333334,51.625,12.733333333333334,38.2,Saturday,4,True,False,False
2023-04-23,11,58,41.47,11.604166666666666,8.7,15.2,80.75,0.0,0.0,1016.3874999999999,51.583333333333336,16.400000000000002,37.8,Sunday,4,True,False,False
2023-04-24,1,62,22.83695652173913,11.958333333333334,8.4,15.9,81.625,0.0,0.0,1015.125,44.875,7.375,24.5,Monday,4,False,False,False
2023-04-25,1,74,43.48087431693989,14.975,8.9,19.8,71.16666666666667,0.2,0.2,1009.0583333333333,64.70833333333333,12.512500000000001,42.1,Tuesday,4,False,True,False
2023-04-26,1,69,35.08833922261484,13.733333333333334,11.4,18.5,87.16666666666667,24.1,24.1,1006.8083333333334,81.66666666666667,11.075000000000001,36.4,Wednesday,4,False,True,True
2023-04-27,1,78,40.01748251748252,10.458333333333334,8.3,11.9,88.20833333333333,15.1,15.1,1011.8083333333334,99.20833333333333,17.979166666666668,54.7,Thursday,4,False,True,True
2023-04-28,1,76,37.78745644599303,10.645833333333334,7.3,13.3,66.83333333333333,0.0,0.0,1018.4833333333332,40.333333333333336,13.220833333333333,43.9,Friday,4,False,False,False
2023-04-29,1,71,35.90909090909091,11.254166666666668,7.0,14.5,62.166666666666664,0.0,0.0,1016.3291666666668,50.916666666666664,9.058333333333334,33.1,Saturday,4,True,False,False
2023-04-30,1,62,29.346153846153847,12.608333333333334,7.1,15.9,67.41666666666667,0.4,0.4,1014.7791666666667,18.375,11.570833333333333,36.0,Sunday,4,True,True,False
2023-05-01,1,51,21.631944444444443,14.195833333333333,9.5,19.0,68.0,0.0,0.0,1018.9625,4.708333333333333,9.716666666666667,31.0,Monday,5,False,False,False
2023-05-02,1,69,35.3006993006993,15.012500000000001,10.4,19.8,55.041666666666664,0.0,0.0,1021.9875000000001,44.041666666666664,20.833333333333332,50.4,Tuesday,5,False,False,False
2023-05-03,1,71,34.968858131487885,15.1875,10.9,22.1,71.58333333333333,0.7,0.7,1020.1833333333334,76.83333333333333,15.916666666666666,44.6,Wednesday,5,False,True,False
2023-05-04,1,71,36.4636678200692,14.612499999999999,11.7,21.5,85.70833333333333,8.9,8.9,1018.9208333333332,88.79166666666667,13.054166666666667,40.3,Thursday,5,False,True,False
2023-05-05,1,67,33.64664310954064,12.887500000000001,11.6,15.9,84.20833333333333,1.3,1.3,1015.9125,98.25,24.229166666666668,54.0,Friday,5,False,True,False
2023-05-06,1,67,33.416961130742045,13.104166666666666,11.2,15.9,84.875,19.4,19.4,1013.8416666666667,89.16666666666667,19.083333333333332,55.4,Saturday,5,True,True,True
2023-05-07,17,69,42.37762237762237,13.9,10.2,17.5,84.54166666666667,0.0,0.0,1017.3208333333333,37.708333333333336,14.379166666666668,45.4,Sunday,5,True,False,False
2023-05-08,1,72,32.90344827586207,13.729166666666666,10.7,18.4,84.20833333333333,0.1,0.1,1018.8416666666667,81.70833333333333,14.183333333333332,39.6,Monday,5,False,True,False
2023-05-09,1,74,33.16724738675958,12.708333333333334,11.1,14.9,78.54166666666667,0.3,0.3,1019.9791666666666,98.875,22.929166666666664,46.4,Tuesday,5,False,True,False
2023-05-10,1,67,31.8280701754386,12.195833333333333,10.9,14.8,76.875,0.5,0.5,1019.4625,93.875,23.383333333333336,48.2,Wednesday,5,False,True,False
2023-05-11,1,72,33.318996415770606,12.441666666666668,11.1,14.1,75.04166666666667,0.2,0.2,1019.2333333333332,96.33333333333333,26.400000000000002,57.2,Thursday,5,False,True,False
2023-05-12,9,71,44.28042328042328,12.333333333333334,10.1,13.8,79.0,0.6000000000000001,0.6000000000000001,1018.8833333333333,74.58333333333333,22.0625,48.6,Friday,5,False,True,False
2023-05-13,1,63,28.49825783972125,13.279166666666667,8.6,18.2,75.08333333333333,0.0,0.0,1022.5166666666668,21.166666666666668,11.095833333333333,31.7,Saturday,5,True,False,False
2023-05-14,1,26,4.651567944250871,14.274999999999999,8.9,19.7,73.08333333333333,0.4,0.4,1022.4791666666666,76.91666666666667,10.5875,35.3,Sunday,5,True,True,False
2023-05-15,1,60,22.87676056338028,17.2625,11.0,23.8,67.83333333333333,0.0,0.0,1015.9791666666666,83.375,10.583333333333334,34.2,Monday,5,False,False,False
2023-05-16,1,69,32.39930555555556,18.491666666666667,12.9,26.9,70.83333333333333,0.6,0.6,1011.0458333333332,80.75,18.395833333333332,44.3,Tuesday,5,False,True,False
2023-05-17,1,72,37.21328671328671,15.520833333333334,12.6,19.6,87.33333333333333,7.5,7.5,1009.2666666666668,89.875,11.9,46.8,Wednesday,5,False,True,False
2023-05-18,6,81,58.1875,14.424999999999999,13.1,17.0,90.29166666666667,7.3,7.3,1010.35,100.0,12.904166666666667,35.6,Thursday,5,False,True,False
2023-05-19,1,49,20.322807017543855,15.075000000000001,12.8,17.6,87.08333333333333,1.2,1.2,1013.7333333333332,90.25,11.066666666666668,41.8,Friday,5,False,True,False
2023-05-20,1,54,24.711805555555557,15.237499999999999,13.1,19.1,88.0,2.3,2.3,1013.35,46.875,15.266666666666666,42.8,Saturday,5,True,True,False
2023-05-21,1,54,24.003496503496503,16.145833333333332,13.0,20.0,86.79166666666667,0.30000000000000004,0.30000000000000004,1010.1916666666666,71.125,13.0625,41.0,Sunday,5,True,True,False
2023-05-22,1,63,28.9198606271777,16.333333333333332,13.1,19.8,82.66666666666667,0.0,0.0,1010.1458333333334,79.29166666666667,17.904166666666665,55.1,Monday,5,False,False,False
2023-05-23,1,67,31.03125,15.979166666666666,13.2,18.8,86.125,2.0,2.0,1011.2833333333333,78.20833333333333,9.2125,37.4,Tuesday,5,False,True,False
2023-05-24,1,71,32.50526315789474,16.14166666666667,13.1,18.8,86.125,0.7000000000000001,0.7000000000000001,1013.6750000000001,54.75,8.533333333333333,25.2,Wednesday,5,False,True,False
2023-05-25,1,71,33.385416666666664,17.158333333333335,13.7,20.9,86.79166666666667,1.0,1.0,1014.5291666666667,72.95833333333333,9.404166666666667,29.5,Thursday,5,False,True,False
2023-05-26,1,71,34.2791519434629,17.75,13.1,22.1,85.29166666666667,2.9000000000000004,2.9000000000000004,1013.4583333333334,35.958333333333336,11.5875,33.8,Friday,5,False,True,False
2023-05-27,1,69,32.69337979094077,17.795833333333334,15.1,21.5,83.25,0.0,0.0,1011.75,74.04166666666667,18.854166666666668,43.9,Saturday,5,True,False,False
2023-05-28,1,40,14.788194444444445,17.712500000000002,16.5,19.5,85.70833333333333,1.1,1.1,1009.4458333333333,98.20833333333333,22.6125,49.0,Sunday,5,True,True,False
2023-05-29,4,63,29.662020905923345,18.5,16.9,20.9,83.91666666666667,0.5,0.5,1009.9375,88.125,18.366666666666667,47.5,Monday,5,False,True,False
2023-05-30,1,71,33.91428571428572,18.729166666666668,15.9,21.9,87.16666666666667,2.7,2.7,1013.1,82.375,9.229166666666666,40.0,Tuesday,5,False,True,False
2023-05-31,1,72,33.63066202090592,19.041666666666668,15.6,23.5,82.875,9.1,9.1,1015.5833333333334,85.75,8.75,27.4,Wednesday,5,False,True,False
2023-06-01,1,71,36.1490909090909,18.962500000000002,15.4,23.4,74.75,0.0,0.0,1015.0041666666666,45.25,16.133333333333333,40.3,Thursday,6,False,False,False
2023-06-02,4,67,47.787564766839374,20.0625,15.9,24.7,69.70833333333333,0.0,0.0,1011.4875000000001,60.583333333333336,20.375,49.7,Friday,6,False,False,False
2023-06-03,1,69,40.362204724409445,19.445833333333333,17.3,22.1,80.91666666666667,1.3,1.3,1012.0500000000001,90.83333333333333,16.150000000000002,45.0,Saturday,6,True,True,False
2023-06-04,1,54,25.703557312252965,18.783333333333335,16.5,21.2,84.29166666666667,5.4,5.4,1017.6791666666667,85.83333333333333,19.054166666666667,44.3,Sunday,6,True,True,False
2023-06-05,1,65,33.8875,18.529166666666665,15.9,22.0,78.66666666666667,0.1,0.1,1019.3833333333333,49.958333333333336,17.666666666666668,42.1,Monday,6,False,True,False
2023-06-06,1,71,36.01423487544484,19.333333333333332,16.5,22.6,77.41666666666667,0.0,0.0,1018.0166666666668,17.791666666666668,22.1875,49.7,Tuesday,6,False,False,False
2023-06-07,1,78,36.73384030418251,19.016666666666666,16.2,22.1,78.91666666666667,0.0,0.0,1015.9333333333334,14.291666666666666,21.420833333333334,49.3,Wednesday,6,False,False,False
2023-06-08,1,72,37.3170731707317,19.329166666666666,17.0,22.0,79.375,0.0,0.0,1013.2041666666668,80.79166666666667,19.708333333333332,47.5,Thursday,6,False,False,False
2023-06-09,1,74,37.55871886120997,19.341666666666665,15.2,22.5,80.41666666666667,0.0,0.0,1011.4458333333333,46.125,12.820833333333333,36.7,Friday,6,False,False,False
2023-06-10,1,71,35.65964912280702,19.320833333333333,15.6,23.7,82.08333333333333,0.0,0.0,1008.6666666666666,70.20833333333333,7.295833333333333,25.2,Saturday,6,True,False,False
2023-06-11,1,54,24.034934497816597,20.575,15.4,25.1,75.08333333333333,0.0,0.0,1008.1958333333333,81.70833333333333,10.195833333333333,38.9,Sunday,6,True,False,False
2023-06-12,1,65,33.03472222222222,19.479166666666668,16.5,22.4,80.04166666666667,1.4,1.4,1009.4458333333333,50.25,17.1375,50.4,Monday,6,False,True,False
2023-06-13,1,67,34.597122302158276,19.495833333333334,17.0,22.5,73.79166666666667,0.0,0.0,1010.1125000000001,95.45833333333333,17.591666666666665,44.6,Tuesday,6,False,False,False
2023-06-14,1,72,35.93992932862191,20.158333333333335,16.8,23.1,80.16666666666667,1.3,1.3,1012.3416666666667,75.08333333333333,8.708333333333334,34.6,Wednesday,6,False,True,False
2023-06-15,1,78,37.73076923076923,21.125,17.4,25.6,78.91666666666667,0.0,0.0,1012.5166666666668,76.83333333333333,15.762500000000001,41.8,Thursday,6,False,False,False
2023-06-16,1,71,36.316901408450704,22.204166666666666,18.2,28.0,77.0,0.0,0.0,1006.9541666666668,64.125,16.245833333333334,47.9,Friday,6,False,False,False
2023-06-17,6,69,33.88461538461539,21.691666666666666,19.6,25.2,82.875,4.5,4.5,1004.4875000000001,94.45833333333333,17.658333333333335,45.7,Saturday,6,True,True,False
2023-06-18,1,53,24.489510489510486,21.5625,19.3,25.1,83.45833333333333,1.0,1.0,1009.2125,95.54166666666667,10.866666666666667,38.9,Sunday,6,True,True,False
2023-06-19,1,71,34.55244755244755,20.933333333333334,18.7,24.4,83.70833333333333,5.4,5.4,1012.8083333333334,66.375,9.245833333333334,31.3,Monday,6,False,True,False
2023-06-20,1,74,37.01754385964912,20.845833333333335,17.1,24.3,85.83333333333333,8.1,8.1,1015.475,49.958333333333336,7.9125000000000005,35.3,Tuesday,6,False,True,False
2023-06-21,1,74,38.4808362369338,22.162499999999998,18.4,26.0,83.125,0.9,0.9,1016.3375,16.166666666666668,5.75,23.8,Wednesday,6,False,True,False
2023-06-22,1,72,39.1875,23.037499999999998,18.5,27.5,74.625,0.2,0.2,1017.7458333333334,14.083333333333334,10.799999999999999,33.8,Thursday,6,False,True,False
2023-06-23,1,65,36.75778546712802,23.833333333333332,19.6,28.4,68.125,0.0,0.0,1016.6291666666666,1.625,17.195833333333333,42.8,Friday,6,False,False,False
2023-06-24,2,47,33.10697674418605,24.254166666666666,19.4,30.4,71.0,0.0,0.0,1013.9666666666667,0.0,16.683333333333334,41.4,Saturday,6,True,False,False
2023-06-25,1,31,14.118577075098814,23.2,19.4,27.1,73.41666666666667,0.0,0.0,1010.6083333333332,5.125,14.683333333333332,38.9,Sunday,6,True,False,False
2023-06-26,1,31,13.338129496402876,23.554166666666664,19.8,27.0,71.79166666666667,0.2,0.2,1009.5625,49.25,11.520833333333334,32.8,Monday,6,False,True,False
2023-06-27,1,26,7.885057471264368,24.09583333333333,20.0,29.6,69.45833333333333,0.0,0.0,1011.475,14.916666666666666,15.904166666666667,45.7,Tuesday,6,False,False,False
2023-06-28,1,36,14.097560975609756,24.629166666666666,19.4,30.0,57.083333333333336,0.0,0.0,1010.9208333333332,3.1666666666666665,9.325000000000001,27.7,Wednesday,6,False,False,False
2023-06-29,1,40,16.91166077738516,20.683333333333334,16.5,24.0,71.83333333333333,1.0,1.0,1014.0666666666666,53.041666666666664,15.395833333333334,47.2,Thursday,6,False,True,False
2023-06-30,1,38,15.188153310104529,21.820833333333336,14.4,27.2,59.333333333333336,0.0,0.0,1013.7208333333333,13.583333333333334,7.145833333333333,32.8,Friday,6,False,False,False
2023-07-01,1,29,13.540069686411147,23.52916666666667,15.9,29.3,55.666666666666664,0.0,0.0,1010.4583333333334,0.0,6.416666666666667,30.2,Saturday,7,True,False,False
2023-07-02,1,24,8.650793650793652,25.454166666666666,17.0,30.9,51.416666666666664,0.0,0.0,1008.1166666666667,1.25,7.695833333333333,27.7,Sunday,7,True,False,False
2023-07-03,1,54,22.7984496124031,25.366666666666664,20.9,31.2,63.5,0.1,0.1,1010.2333333333332,6.875,12.837499999999999,52.2,Monday,7,False,True,False
2023-07-04,1,63,27.038596491228073,25.458333333333332,21.0,31.0,68.16666666666667,0.0,0.0,1012.6791666666667,1.875,18.770833333333332,46.8,Tuesday,7,False,False,False
2023-07-05,11,63,40.2463768115942,25.020833333333332,22.0,28.9,72.20833333333333,0.0,0.0,1010.5625,39.75,21.095833333333335,50.4,Wednesday,7,False,False,False
2023-07-06,1,67,31.130742049469966,26.045833333333334,21.6,31.1,70.25,0.3,0.3,1009.3333333333334,73.79166666666667,16.375,47.2,Thursday,7,False,True,False
2023-07-07,1,67,32.87900355871886,26.545833333333334,21.1,31.6,65.83333333333333,1.5,1.5,1011.0833333333334,42.125,9.066666666666666,37.4,Friday,7,False,True,False
2023-07-08,4,60,32.7429718875502,22.858333333333334,21.0,28.5,73.75,18.2,18.2,1013.4166666666666,63.958333333333336,19.2,49.7,Saturday,7,True,True,True
2023-07-09,1,45,21.248251748251747,23.5125,19.2,27.0,52.625,0.0,0.0,1015.6999999999999,46.25,20.462500000000002,59.8,Sunday,7,True,False,False
2023-07-10,2,63,39.465437788018434,24.183333333333334,16.7,29.0,57.333333333333336,0.0,0.0,1017.1666666666666,4.333333333333333,5.029166666666667,26.6,Monday,7,False,False,False
2023-07-11,1,69,33.16319444444444,24.90833333333333,19.5,29.4,61.75,0.0,0.0,1016.2583333333333,14.708333333333334,11.091666666666667,36.7,Tuesday,7,False,False,False
2023-07-12,1,72,34.561403508771924,26.8625,22.0,31.4,64.45833333333333,0.1,0.1,1016.7083333333334,8.458333333333334,10.141666666666667,32.0,Wednesday,7,False,True,False
2023-07-13,1,67,32.94773519163763,28.054166666666664,21.0,33.7,59.666666666666664,0.0,0.0,1015.3541666666666,1.5833333333333333,6.833333333333333,31.7,Thursday,7,False,False,False
2023-07-14,1,69,33.5,28.370833333333334,23.2,34.8,61.125,0.0,0.0,1013.5500000000001,9.291666666666666,11.641666666666666,41.0,Friday,7,False,False,False
2023-07-15,1,38,23.180555555555557,26.333333333333332,22.2,31.2,65.625,0.0,0.0,1016.3916666666668,0.16666666666666666,21.59166666666667,51.1,Saturday,7,True,False,False
2023-07-16,8,38,27.323353293413174,24.941666666666666,21.2,29.5,66.5,0.0,0.0,1016.8458333333333,1.2083333333333333,20.75,52.2,Sunday,7,True,False,False
2023-07-17,1,65,29.6013986013986,24.912499999999998,21.0,29.7,64.54166666666667,0.0,0.0,1016.4625,0.5416666666666666,20.316666666666666,55.1,Monday,7,False,False,False
2023-07-18,1,65,30.801393728223,25.03333333333333,21.1,29.4,62.083333333333336,0.0,0.0,1013.9541666666668,0.0,18.1375,49.3,Tuesday,7,False,False,False
2023-07-19,1,67,31.434931506849317,25.883333333333336,20.9,31.9,60.291666666666664,0.0,0.0,1011.8166666666666,0.041666666666666664,14.866666666666667,47.2,Wednesday,7,False,False,False
2023-07-20,15,69,42.48529411764706,28.254166666666666,21.0,34.2,54.5,0.0,0.0,1008.3541666666666,4.708333333333333,6.491666666666667,26.6,Thursday,7,False,False,False
2023-07-21,1,63,30.857142857142858,26.849999999999998,21.9,32.4,69.45833333333333,0.30000000000000004,0.30000000000000004,1012.1875,9.958333333333334,12.958333333333334,42.5,Friday,7,False,True,False
2023-07-22,1,49,25.29824561403509,28.03333333333333,23.8,32.7,61.625,0.0,0.0,1013.8583333333332,18.166666666666668,9.625,36.4,Saturday,7,True,False,False
2023-07-23,1,40,18.511111111111113,28.4375,23.1,34.0,61.583333333333336,0.5,0.5,1013.5875,8.0,13.237499999999999,50.0,Sunday,7,True,True,False
2023-07-24,1,63,30.425087108013937,26.15833333333333,21.4,31.2,61.25,0.0,0.0,1014.6750000000001,4.916666666666667,17.433333333333334,43.9,Monday,7,False,False,False
2023-07-25,11,65,42.40909090909091,27.224999999999998,19.6,33.1,48.0,0.0,0.0,1010.4041666666667,1.625,7.154166666666666,30.6,Tuesday,7,False,False,False
2023-07-26,1,60,30.294545454545453,30.679166666666664,22.0,38.1,40.041666666666664,0.0,0.0,1003.65,4.125,9.8125,33.5,Wednesday,7,False,False,False
2023-07-27,1,69,34.29616724738676,24.75,19.5,28.2,61.291666666666664,1.4,1.4,1007.4166666666666,49.541666666666664,20.954166666666666,62.6,Thursday,7,False,True,False
2023-07-28,1,65,31.03125,22.77916666666667,17.8,27.5,55.666666666666664,0.0,0.0,1014.7958333333332,7.833333333333333,12.112499999999999,40.7,Friday,7,False,False,False
2023-07-29,1,47,25.57913669064748,23.3875,17.7,28.9,58.666666666666664,0.0,0.0,1012.35,0.7916666666666666,17.162499999999998,49.0,Saturday,7,True,False,False
2023-07-30,1,40,18.261324041811847,23.920833333333334,20.0,28.8,63.25,0.0,0.0,1010.9416666666666,6.916666666666667,17.441666666666666,49.0,Sunday,7,True,False,False
2023-07-31,1,60,27.36630036630037,24.2625,19.5,28.4,64.33333333333333,0.0,0.0,1008.6708333333332,27.041666666666668,16.933333333333334,54.0,Monday,7,False,False,False
2023-08-01,1,67,30.558718861209965,24.8625,21.2,29.5,68.70833333333333,0.8999999999999999,0.8999999999999999,1008.9499999999999,36.25,16.8875,42.8,Tuesday,8,False,True,False
2023-08-02,1,69,30.55749128919861,25.59166666666667,20.2,29.9,66.875,0.0,0.0,1008.875,26.25,7.758333333333333,35.3,Wednesday,8,False,False,False
2023-08-03,1,65,30.67832167832168,29.133333333333336,23.0,34.8,45.166666666666664,0.0,0.0,1009.9499999999999,0.0,9.558333333333334,37.1,Thursday,8,False,False,False
2023-08-04,1,62,30.986062717770036,29.0,23.4,35.6,52.625,0.0,0.0,1009.7541666666666,0.0,20.1125,54.7,Friday,8,False,False,False
2023-08-05,1,44,24.027972027972027,27.179166666666664,22.9,33.0,72.70833333333333,0.0,0.0,1005.7541666666666,6.458333333333333,13.141666666666666,34.2,Saturday,8,True,False,False
2023-08-06,2,38,23.364102564102563,28.508333333333336,22.4,34.0,58.208333333333336,0.0,0.0,1002.8249999999999,6.5,19.2375,65.9,Sunday,8,True,False,False
2023-08-07,1,67,33.797356828193834,27.016666666666666,23.5,31.8,60.5,0.0,0.0,1008.5541666666667,5.875,13.375,39.6,Monday,8,False,False,False
2023-08-08,1,65,29.27046263345196,24.97083333333333,21.9,29.6,67.0,0.0,0.0,1011.7041666666668,15.041666666666666,25.058333333333334,63.7,Tuesday,8,False,False,False
2023-08-09,1,71,30.034965034965037,23.808333333333334,21.5,26.0,59.875,0.0,0.0,1014.2166666666667,77.16666666666667,26.945833333333336,60.5,Wednesday,8,False,False,False
2023-08-10,1,63,30.822916666666664,24.104166666666668,20.8,28.8,67.875,0.8,0.8,1013.2833333333333,76.08333333333333,16.283333333333335,37.1,Thursday,8,False,True,False
2023-08-11,1,62,31.506993006993007,23.445833333333336,20.1,27.8,67.66666666666667,1.2,1.2,1016.4458333333333,31.208333333333332,19.883333333333333,51.1,Friday,8,False,True,False
2023-08-12,1,47,24.649122807017545,24.962500000000002,21.2,29.1,58.666666666666664,0.0,0.0,1016.1958333333333,5.166666666666667,26.566666666666666,61.2,Saturday,8,True,False,False
2023-08-13,1,40,17.83275261324042,25.34166666666667,22.6,29.0,69.625,0.1,0.1,1014.5625,68.70833333333333,31.47083333333333,70.6,Sunday,8,True,True,False
2023-08-14,1,67,28.73776223776224,25.941666666666666,23.8,28.9,78.45833333333333,0.5,0.5,1013.3125,87.875,27.275000000000002,64.4,Monday,8,False,True,False
2023-08-15,1,63,29.207142857142856,26.47083333333333,23.9,30.1,77.66666666666667,0.0,0.0,1011.4499999999999,72.54166666666667,13.5875,36.4,Tuesday,8,False,False,False
2023-08-16,1,67,30.174545454545452,25.72083333333333,22.8,30.1,77.16666666666667,0.0,0.0,1010.5708333333333,41.583333333333336,14.8125,61.9,Wednesday,8,False,False,False
2023-08-17,1,67,29.797909407665504,26.412499999999998,23.6,30.4,71.75,0.1,0.1,1010.3833333333333,16.75,26.0125,62.3,Thursday,8,False,True,False
2023-08-18,1,67,30.496503496503497,26.40416666666667,23.6,30.8,72.58333333333333,0.0,0.0,1010.9416666666666,20.75,29.400000000000002,69.5,Friday,8,False,False,False
2023-08-19,1,53,26.765734265734263,25.979166666666668,23.5,30.4,72.75,0.0,0.0,1011.4458333333333,15.333333333333334,30.875,73.1,Saturday,8,True,False,False
2023-08-20,1,40,21.819230769230767,26.2,23.0,31.5,70.66666666666667,0.0,0.0,1012.6458333333334,34.291666666666664,21.991666666666664,53.6,Sunday,8,True,False,False
2023-08-21,1,65,29.625441696113075,26.766666666666666,22.8,32.7,71.04166666666667,0.0,0.0,1012.975,9.416666666666666,19.883333333333333,49.3,Monday,8,False,False,False
2023-08-22,1,71,31.23611111111111,27.3125,22.7,33.7,66.20833333333333,0.0,0.0,1013.9625,0.0,23.045833333333334,52.9,Tuesday,8,False,False,False
2023-08-23,1,67,31.674825174825173,26.5125,23.5,31.5,74.04166666666667,0.0,0.0,1013.4708333333333,3.0,22.833333333333332,59.4,Wednesday,8,False,False,False
2023-08-24,1,65,28.735042735042732,26.3875,23.2,31.0,72.20833333333333,0.0,0.0,1013.1666666666666,3.8333333333333335,20.125,53.3,Thursday,8,False,False,False
2023-08-25,1,69,32.204861111111114,26.266666666666666,23.0,30.5,65.75,0.0,0.0,1012.9875000000001,1.5,22.28333333333333,56.2,Friday,8,False,False,False
2023-08-26,1,51,26.934027777777775,26.46666666666667,22.8,31.2,66.20833333333333,0.0,0.0,1011.4041666666667,1.3333333333333333,24.691666666666666,63.7,Saturday,8,True,False,False
2023-08-27,1,45,19.675958188153313,25.633333333333336,22.7,29.0,66.95833333333333,0.0,0.0,1009.2624999999999,30.5,22.766666666666666,58.0,Sunday,8,True,False,False
2023-08-28,1,62,28.881944444444443,25.6375,22.2,29.8,67.41666666666667,0.0,0.0,1008.5833333333334,13.708333333333334,16.666666666666668,48.2,Monday,8,False,False,False
2023-08-29,1,72,34.05208333333333,25.912499999999998,20.6,32.3,69.70833333333333,0.0,0.0,1005.7624999999999,0.16666666666666666,13.275,46.4,Tuesday,8,False,False,False
2023-08-30,1,42,20.34375,26.34583333333333,21.5,33.0,69.58333333333333,0.0,0.0,1005.375,4.041666666666667,7.9750000000000005,32.8,Wednesday,8,False,False,False
2023-08-31,1,67,30.34494773519164,27.545833333333334,23.2,32.7,58.916666666666664,0.0,0.0,1010.5666666666666,31.0,12.058333333333332,34.2,Thursday,8,False,False,False
2023-09-01,1,65,30.791666666666664,24.804166666666664,20.7,29.7,74.79166666666667,10.5,10.5,1015.1750000000001,59.875,13.041666666666666,40.7,Friday,9,False,True,True
2023-09-02,1,54,28.052083333333332,25.516666666666666,23.2,28.5,67.125,0.0,0.0,1016.375,59.208333333333336,23.77916666666667,54.7,Saturday,9,True,False,False
2023-09-03,1,45,22.368055555555557,25.09583333333333,21.6,28.9,59.041666666666664,0.30000000000000004,0.30000000000000004,1015.2624999999999,29.458333333333332,21.916666666666668,57.6,Sunday,9,True,True,False
2023-09-04,1,69,30.773519163763066,24.78333333333333,21.4,28.9,56.583333333333336,0.6000000000000001,0.6000000000000001,1010.4875000000001,61.958333333333336,19.933333333333334,51.8,Monday,9,False,True,False
2023-09-05,1,71,34.43055555555556,23.55,20.9,27.5,77.375,1.0,1.0,1011.8541666666666,91.33333333333333,26.083333333333332,61.6,Tuesday,9,False,True,False
2023-09-06,1,74,33.541666666666664,24.662499999999998,21.7,28.1,69.58333333333333,0.2,0.2,1015.9499999999999,54.958333333333336,25.787499999999998,64.4,Wednesday,9,False,True,False
2023-09-07,1,74,35.84965034965035,25.087500000000002,23.0,28.2,61.833333333333336,0.0,0.0,1016.5625,47.0,27.066666666666666,62.3,Thursday,9,False,False,False
2023-09-08,1,72,42.70666666666666,24.0,22.1,27.8,60.291666666666664,0.8,0.8,1015.8708333333334,60.125,26.275000000000002,63.4,Friday,9,False,True,False
2023-09-09,1,63,32.19163763066202,23.287499999999998,21.3,26.6,55.625,0.0,0.0,1015.5500000000001,13.041666666666666,24.354166666666668,58.7,Saturday,9,True,False,False
2023-09-10,1,49,21.122222222222224,23.09583333333333,20.2,27.2,57.833333333333336,0.30000000000000004,0.30000000000000004,1015.5375,11.041666666666666,26.325,60.5,Sunday,9,True,True,False
2023-09-11,1,63,28.412587412587406,22.108333333333334,19.9,25.2,56.166666666666664,0.0,0.0,1015.5375,39.125,24.183333333333334,58.7,Monday,9,False,False,False
2023-09-12,1,67,32.462406015037594,22.070833333333336,18.5,26.6,59.083333333333336,0.0,0.0,1016.8000000000001,8.5,16.516666666666666,47.9,Tuesday,9,False,False,False
2023-09-13,1,67,31.395104895104893,21.712500000000002,16.6,27.1,62.625,0.0,0.0,1017.5833333333334,0.8333333333333334,14.466666666666667,44.3,Wednesday,9,False,False,False
2023-09-14,1,67,39.36486486486486,22.191666666666666,17.3,28.8,65.66666666666667,0.0,0.0,1016.2458333333334,17.25,11.008333333333333,44.6,Thursday,9,False,False,False
2023-09-15,1,67,31.611307420494697,22.366666666666664,16.9,29.0,69.70833333333333,0.0,0.0,1016.7291666666666,52.833333333333336,12.216666666666667,38.5,Friday,9,False,False,False
2023-09-16,1,62,30.652777777777775,22.712500000000002,18.4,27.0,70.0,0.0,0.0,1018.2208333333333,29.041666666666668,19.695833333333333,52.2,Saturday,9,True,False,False
2023-09-17,1,49,22.602787456445995,22.879166666666666,20.1,27.0,67.125,0.0,0.0,1018.3458333333333,46.541666666666664,24.25,56.5,Sunday,9,True,False,False
2023-09-18,1,69,30.212543554006967,22.2,20.2,25.0,56.125,0.0,0.0,1017.2833333333333,54.0,26.333333333333332,59.4,Monday,9,False,False,False
2023-09-19,1,65,31.202090592334493,21.97083333333333,17.3,25.7,61.125,0.0,0.0,1015.8000000000001,12.0,19.7375,51.1,Tuesday,9,False,False,False
2023-09-20,1,72,31.680701754385964,20.908333333333335,16.1,26.2,68.125,0.0,0.0,1016.8625000000001,21.208333333333332,10.554166666666667,40.3,Wednesday,9,False,False,False
2023-09-21,1,69,32.44444444444444,20.808333333333334,16.6,26.6,69.25,0.0,0.0,1016.725,40.875,9.904166666666667,37.8,Thursday,9,False,False,False
2023-09-22,1,67,31.820422535211268,22.070833333333336,14.5,28.6,57.666666666666664,0.0,0.0,1016.8416666666667,11.708333333333334,6.2625,25.2,Friday,9,False,False,False
2023-09-23,8,60,45.0573476702509,25.241666666666664,19.1,32.2,43.333333333333336,0.0,0.0,1015.8416666666667,0.0,8.183333333333334,32.4,Saturday,9,True,False,False
2023-09-24,1,54,22.97435897435897,23.541666666666668,18.7,30.6,63.75,0.0,0.0,1014.1916666666666,2.0416666666666665,17.337500000000002,46.1,Sunday,9,True,False,False
2023-09-25,1,72,31.052083333333332,23.275000000000002,21.0,27.0,73.58333333333333,0.0,0.0,1014.2875,69.625,26.0,61.9,Monday,9,False,False,False
2023-09-26,1,72,41.03930131004367,23.120833333333334,20.8,26.5,69.0,0.0,0.0,1014.3041666666667,58.833333333333336,26.745833333333334,63.4,Tuesday,9,False,False,False
2023-09-27,1,69,33.188153310104525,22.95,20.5,26.6,70.875,0.0,0.0,1014.2666666666668,74.08333333333333,24.054166666666664,62.6,Wednesday,9,False,False,False
2023-09-28,1,85,36.63194444444445,20.849999999999998,18.5,25.8,84.70833333333333,31.400000000000002,31.400000000000002,1015.0500000000001,95.5,11.754166666666668,39.2,Thursday,9,False,True,True
2023-09-29,1,69,35.066202090592334,20.4375,17.1,24.0,81.41666666666667,1.1,1.1,1016.4916666666667,46.333333333333336,6.008333333333333,25.2,Friday,9,False,True,False
2023-09-30,1,72,34.54929577464789,19.754166666666666,17.4,23.8,84.70833333333333,24.0,24.0,1014.8666666666667,77.70833333333333,8.716666666666667,30.6,Saturday,9,True,True,True
2023-10-01,1,69,30.0,18.633333333333333,17.5,19.9,88.625,14.3,14.3,1014.1666666666666,94.75,17.4875,52.2,Sunday,10,True,True,True
2023-10-02,1,76,34.656140350877195,19.3125,17.4,21.1,68.45833333333333,3.5,3.5,1020.0875,50.583333333333336,20.787499999999998,51.5,Monday,10,False,True,False
2023-10-03,1,71,33.24210526315789,19.075,16.5,22.6,63.083333333333336,0.0,0.0,1023.6958333333333,28.458333333333332,16.133333333333333,46.8,Tuesday,10,False,False,False
2023-10-04,1,76,33.72222222222222,17.9875,14.1,22.8,67.58333333333333,0.0,0.0,1022.8333333333334,4.875,11.841666666666667,31.3,Wednesday,10,False,False,False
2023-10-05,1,74,33.07317073170732,18.525000000000002,13.5,23.9,72.04166666666667,0.0,0.0,1022.4291666666667,54.791666666666664,13.512500000000001,42.5,Thursday,10,False,False,False
2023-10-06,2,71,44.115942028985515,19.466666666666665,15.2,23.5,73.29166666666667,0.1,0.1,1021.2125,55.375,13.9,36.7,Friday,10,False,True,False
2023-10-07,1,63,31.430604982206404,18.974999999999998,13.6,23.8,73.95833333333333,0.0,0.0,1021.4166666666666,22.208333333333332,14.704166666666666,38.5,Saturday,10,True,False,False
2023-10-08,1,56,24.32638888888889,19.479166666666668,13.7,22.9,74.91666666666667,0.0,0.0,1016.0916666666667,8.958333333333334,12.558333333333332,39.2,Sunday,10,True,False,False
2023-10-09,1,69,30.378472222222225,16.412499999999998,12.6,18.8,66.20833333333333,0.2,0.2,1021.6583333333333,70.75,20.224999999999998,55.8,Monday,10,False,True,False
2023-10-10,1,74,33.68402777777778,16.7625,11.2,22.0,66.83333333333333,0.0,0.0,1020.275,44.541666666666664,11.345833333333333,35.6,Tuesday,10,False,False,False
2023-10-11,1,74,33.23636363636364,16.566666666666666,13.9,19.7,63.958333333333336,0.0,0.0,1024.5375000000001,30.958333333333332,20.9875,56.9,Wednesday,10,False,False,False
2023-10-12,1,74,34.38610038610038,17.854166666666668,14.2,23.0,70.95833333333333,0.0,0.0,1022.0041666666666,4.125,12.9625,40.0,Thursday,10,False,False,False
2023-10-13,1,78,34.89930555555556,16.433333333333334,11.1,21.5,78.58333333333333,0.0,0.0,1020.5,47.75,4.8999999999999995,23.8,Friday,10,False,False,False
2023-10-14,1,69,27.77092511013216,17.849999999999998,14.3,23.3,76.91666666666667,0.0,0.0,1016.4958333333334,10.708333333333334,12.012500000000001,36.7,Saturday,10,True,False,False
2023-10-15,1,54,23.508896797153024,17.316666666666666,12.7,21.8,82.875,0.0,0.0,1011.1833333333334,29.541666666666668,7.1625000000000005,26.6,Sunday,10,True,False,False
2023-10-16,1,83,36.0985401459854,15.841666666666667,13.5,20.0,80.16666666666667,4.9,4.9,1016.5791666666668,86.125,17.820833333333333,55.4,Monday,10,False,True,False
2023-10-17,1,72,33.325,16.275000000000002,13.8,19.8,62.25,0.6,0.6,1019.2750000000001,91.79166666666667,18.754166666666666,45.0,Tuesday,10,False,True,False
2023-10-18,1,81,36.62633451957295,14.908333333333333,13.6,17.6,82.54166666666667,12.0,12.0,1016.9458333333333,75.75,16.599999999999998,39.6,Wednesday,10,False,True,True
2023-10-19,1,78,33.34146341463414,16.108333333333334,13.9,19.0,83.5,0.2,0.2,1016.5625,53.083333333333336,8.237499999999999,31.0,Thursday,10,False,True,False
2023-10-20,1,72,33.76491228070176,19.233333333333334,16.1,22.0,71.29166666666667,0.0,0.0,1013.8708333333334,0.20833333333333334,21.90833333333333,47.2,Friday,10,False,False,False
2023-10-21,1,65,30.604166666666664,20.408333333333335,17.9,23.9,72.29166666666667,0.0,0.0,1016.3833333333333,0.3333333333333333,15.154166666666667,37.4,Saturday,10,True,False,False
2023-10-22,1,56,24.13240418118467,18.995833333333334,15.4,23.9,72.95833333333333,0.0,0.0,1017.2208333333333,26.041666666666668,8.729166666666666,24.8,Sunday,10,True,False,False
2023-10-23,1,69,30.59649122807017,19.316666666666666,15.3,24.5,80.0,0.0,0.0,1016.6625,53.166666666666664,7.304166666666667,20.5,Monday,10,False,False,False
2023-10-24,1,81,36.62152777777778,18.279166666666665,15.1,22.4,87.66666666666667,0.0,0.0,1015.6875,53.75,7.129166666666666,26.6,Tuesday,10,False,False,False
2023-10-25,1,74,33.52797202797203,19.875,15.7,22.8,78.45833333333333,0.0,0.0,1011.1666666666666,98.83333333333333,17.3625,42.8,Wednesday,10,False,False,False
2023-10-26,1,80,36.01052631578948,21.766666666666666,19.6,24.2,60.833333333333336,0.0,0.0,1009.15,85.29166666666667,24.604166666666668,55.1,Thursday,10,False,False,False
2023-10-27,1,76,34.1013986013986,21.8,19.1,24.8,68.0,0.0,0.0,1007.7875,51.958333333333336,21.47083333333333,50.0,Friday,10,False,False,False
2023-10-28,1,62,27.90625,21.974999999999998,18.4,25.3,72.33333333333333,0.0,0.0,1010.3208333333333,31.5,18.175,53.3,Saturday,10,True,False,False
2023-10-29,1,49,20.801393728223,19.841666666666665,17.1,23.6,86.16666666666667,0.2,0.2,1016.4499999999999,85.58333333333333,10.433333333333334,29.9,Sunday,10,True,True,False
2023-10-30,1,74,29.853658536585364,19.620833333333334,17.0,24.2,84.91666666666667,0.0,0.0,1018.3958333333334,25.791666666666668,16.275000000000002,43.2,Monday,10,False,False,False
2023-10-31,1,74,31.310104529616723,18.616666666666667,16.8,21.1,89.20833333333333,0.2,0.2,1016.1333333333333,42.375,7.820833333333333,28.1,Tuesday,10,False,True,False
2023-11-01,1,76,32.6794425087108,19.3875,16.5,23.0,80.66666666666667,0.0,0.0,1014.1916666666666,64.25,11.554166666666667,30.2,Wednesday,11,False,False,False
2023-11-02,1,90,37.02482269503545,17.2625,15.2,19.9,88.375,21.5,21.5,1010.5416666666666,85.08333333333333,12.233333333333334,39.2,Thursday,11,False,True,True
2023-11-03,1,80,34.82867132867133,20.3875,16.9,22.8,74.91666666666667,0.2,0.2,1008.6291666666666,73.70833333333333,19.804166666666667,56.9,Friday,11,False,True,False
2023-11-04,1,63,31.73263888888889,22.6375,17.4,27.2,59.666666666666664,11.1,11.1,1004.7624999999999,94.33333333333333,25.6125,69.1,Saturday,11,True,True,True
2023-11-05,1,53,25.270833333333332,19.970833333333335,17.4,22.0,72.54166666666667,0.9,0.9,1008.4416666666666,20.291666666666668,26.65833333333333,56.2,Sunday,11,True,True,False
2023-11-06,1,74,31.348591549295772,20.0625,16.5,22.9,76.75,0.0,0.0,1014.1083333333332,11.958333333333334,17.908333333333335,53.6,Monday,11,False,False,False
2023-11-07,1,78,34.32871972318339,18.804166666666667,15.4,23.1,84.79166666666667,0.1,0.1,1020.1374999999999,37.25,4.983333333333333,14.8,Tuesday,11,False,True,False
2023-11-08,1,78,34.27598566308244,18.145833333333332,15.3,21.0,82.625,0.0,0.0,1016.4208333333332,40.333333333333336,12.924999999999999,42.1,Wednesday,11,False,False,False
2023-11-09,1,81,39.69014084507042,14.112499999999999,12.2,16.9,78.41666666666667,11.399999999999999,11.399999999999999,1020.6791666666667,55.541666666666664,16.216666666666665,45.7,Thursday,11,False,True,True
2023-11-10,1,83,36.73958333333333,14.970833333333333,11.9,18.5,79.41666666666667,0.0,0.0,1017.975,61.75,11.0,30.6,Friday,11,False,False,False
2023-11-11,1,80,36.95833333333333,18.854166666666668,16.8,22.3,74.91666666666667,29.799999999999997,29.799999999999997,1009.2666666666668,89.83333333333333,33.425000000000004,89.3,Saturday,11,True,True,True
2023-11-12,1,58,24.756944444444443,16.175,14.1,18.7,71.0,0.0,0.0,1013.4458333333333,65.58333333333333,9.466666666666667,53.3,Sunday,11,True,False,False
2023-11-13,1,83,41.13028169014085,14.25,9.1,16.2,87.33333333333333,24.7,24.7,1014.2666666666668,77.54166666666667,13.304166666666667,49.3,Monday,11,False,True,True
2023-11-14,1,81,38.62867647058824,13.270833333333334,7.6,16.0,76.54166666666667,0.0,0.0,1017.8791666666666,33.541666666666664,9.9375,29.9,Tuesday,11,False,False,False
2023-11-15,1,87,38.84642857142857,16.833333333333332,13.6,19.4,73.70833333333333,8.9,8.9,1011.5791666666668,59.291666666666664,20.8625,46.8,Wednesday,11,False,True,False
2023-11-16,4,80,40.732394366197184,13.295833333333334,10.8,15.9,74.375,29.0,29.0,1017.9625,41.666666666666664,11.279166666666667,42.5,Thursday,11,False,True,True
2023-11-17,1,78,35.64388489208633,13.941666666666668,10.4,16.3,73.16666666666667,0.0,0.0,1014.4833333333332,76.875,13.866666666666667,45.4,Friday,11,False,False,False
2023-11-18,1,71,37.295138888888886,10.795833333333334,6.9,16.1,83.20833333333333,58.699999999999996,58.699999999999996,1003.1041666666666,100.0,26.704166666666666,68.4,Saturday,11,True,True,True
2023-11-19,1,51,22.559027777777775,5.325,2.3,7.2,81.16666666666667,21.2,18.6,1011.7791666666667,83.54166666666667,25.079166666666666,59.0,Sunday,11,True,True,True
2023-11-20,1,74,30.63859649122807,10.433333333333334,4.6,12.4,78.875,4.3,4.3,1015.1750000000001,57.5,14.895833333333334,40.3,Monday,11,False,True,False
2023-11-21,1,80,35.83333333333333,13.424999999999999,11.4,15.4,76.41666666666667,0.0,0.0,1015.3458333333333,64.875,11.983333333333334,33.1,Tuesday,11,False,False,False
2023-11-22,1,89,38.5625,15.941666666666665,13.2,19.2,78.54166666666667,1.4000000000000001,1.4000000000000001,1013.8916666666668,85.20833333333333,12.4,39.2,Wednesday,11,False,True,False
2023-11-23,4,72,37.846689895470384,12.445833333333333,9.6,14.4,87.91666666666667,1.9000000000000001,1.9000000000000001,1019.4833333333332,64.29166666666667,12.791666666666666,38.2,Thursday,11,False,True,False
2023-11-24,1,80,36.066202090592334,14.733333333333334,11.1,17.0,86.58333333333333,3.2,3.2,1006.8375,60.583333333333336,21.275000000000002,52.6,Friday,11,False,True,False
2023-11-25,1,71,33.19163763066202,16.849999999999998,16.0,18.2,65.54166666666667,0.1,0.1,991.7666666666668,92.45833333333333,32.104166666666664,71.3,Saturday,11,True,True,False
2023-11-26,1,47,18.37979094076655,7.520833333333333,3.5,16.2,64.75,4.6,4.6,997.2791666666667,88.79166666666667,27.34583333333333,91.1,Sunday,11,True,True,False
2023-11-27,1,74,30.23611111111111,5.3125,2.4,8.1,52.5,0.0,0.0,1017.2541666666666,14.541666666666666,19.433333333333334,47.9,Monday,11,False,False,False
2023-11-28,1,89,38.84912280701754,11.854166666666666,8.1,15.4,64.25,2.0,2.0,1009.8375,71.45833333333333,35.00416666666667,92.5,Tuesday,11,False,True,False
2023-11-29,2,90,46.99596774193548,14.383333333333333,11.4,16.1,87.58333333333333,50.1,50.1,1006.6291666666666,99.45833333333333,29.400000000000002,92.9,Wednesday,11,False,True,True
2023-11-30,2,78,40.224264705882355,11.145833333333334,9.2,12.9,80.75,2.4,2.4,1017.7166666666667,86.70833333333333,12.991666666666667,52.9,Thursday,11,False,True,False
2023-12-01,1,80,38.4251968503937,16.229166666666668,13.6,18.1,78.41666666666667,0.0,0.0,1015.9166666666666,66.20833333333333,28.47083333333333,60.1,Friday,12,False,False,False
2023-12-02,1,71,32.34027777777778,17.608333333333334,15.8,18.9,68.54166666666667,0.0,0.0,1012.4541666666668,69.125,38.25833333333333,79.6,Saturday,12,True,False,False
2023-12-03,1,58,22.722222222222225,17.329166666666666,11.2,19.6,68.875,0.0,0.0,1014.0041666666666,97.20833333333333,27.120833333333334,61.6,Sunday,12,True,False,False
2023-12-04,1,85,41.80208333333333,10.116666666666667,9.1,11.9,84.20833333333333,3.8,3.8,1022.15,100.0,25.8875,53.6,Monday,12,False,True,False
2023-12-05,1,85,37.949640287769775,10.595833333333333,8.9,12.4,81.54166666666667,0.0,0.0,1018.9791666666666,93.625,16.875,41.0,Tuesday,12,False,False,False
2023-12-06,1,80,40.21484375,10.670833333333334,9.9,12.5,85.66666666666667,3.3,3.3,1012.1083333333332,100.0,11.116666666666667,29.9,Wednesday,12,False,True,False
2023-12-07,1,89,44.561151079136685,10.416666666666666,9.3,12.1,91.125,8.3,8.3,1012.9041666666667,100.0,9.429166666666667,41.0,Thursday,12,False,True,False
2023-12-08,8,85,46.68029739776952,7.675,6.9,9.6,86.04166666666667,5.7,5.7,1014.0500000000001,100.0,29.6375,56.9,Friday,12,False,True,False
2023-12-09,8,74,39.14685314685315,6.495833333333334,5.8,7.5,88.04166666666667,8.7,8.7,1015.9875000000001,100.0,26.162499999999998,60.1,Saturday,12,True,True,False
2023-12-10,1,56,21.18815331010453,7.045833333333333,4.6,10.3,86.0,0.1,0.1,1018.5333333333333,58.0,6.925,19.1,Sunday,12,True,True,False
2023-12-11,1,74,30.784722222222225,8.358333333333333,5.8,12.3,87.45833333333333,0.0,0.0,1016.8125,63.5,8.879166666666666,26.3,Monday,12,False,False,False
2023-12-12,1,76,32.96180555555556,8.920833333333333,5.6,11.5,86.33333333333333,0.0,0.0,1016.0041666666666,51.833333333333336,9.329166666666667,30.2,Tuesday,12,False,False,False
2023-12-13,1,76,35.11805555555556,10.470833333333333,6.1,12.8,81.45833333333333,0.0,0.0,1015.1041666666666,62.291666666666664,12.029166666666667,34.6,Wednesday,12,False,False,False
2023-12-14,1,81,35.80633802816901,15.299999999999999,12.6,17.1,65.41666666666667,0.0,0.0,1011.375,88.08333333333333,26.1125,61.2,Thursday,12,False,False,False
2023-12-15,1,81,37.74021352313167,11.174999999999999,9.1,15.5,85.0,41.0,41.0,1018.4666666666667,99.41666666666667,23.724999999999998,52.9,Friday,12,False,True,True
2023-12-16,2,74,39.070175438596486,7.7875000000000005,5.7,10.1,88.125,15.4,15.4,1026.4375,100.0,34.19583333333333,71.6,Saturday,12,True,True,True
2023-12-17,1,53,21.438596491228072,6.791666666666667,4.9,8.4,70.0,0.5,0.5,1036.5166666666667,76.5,18.529166666666665,50.4,Sunday,12,True,True,False
2023-12-18,1,74,32.37282229965157,6.05,2.8,10.0,77.04166666666667,0.0,0.0,1032.2291666666667,5.916666666666667,6.470833333333334,16.9,Monday,12,False,False,False
2023-12-19,1,78,34.822916666666664,6.9750000000000005,3.5,11.6,86.33333333333333,0.0,0.0,1026.1666666666667,25.375,6.066666666666666,14.8,Tuesday,12,False,False,False
2023-12-20,1,83,37.1875,8.299999999999999,2.5,11.7,84.91666666666667,0.0,0.0,1016.4333333333334,44.625,8.620833333333334,28.4,Wednesday,12,False,False,False
2023-12-21,1,83,40.621052631578955,10.179166666666667,8.2,13.1,86.125,4.3,4.3,1007.5666666666666,99.66666666666667,11.1,29.9,Thursday,12,False,True,False
2023-12-22,2,89,40.329861111111114,10.200000000000001,7.6,12.6,85.58333333333333,5.7,5.7,1000.4666666666667,89.08333333333333,16.525000000000002,49.3,Friday,12,False,True,False
2023-12-23,1,67,29.95438596491228,10.049999999999999,6.0,13.8,72.375,1.0,1.0,1004.775,71.54166666666667,20.908333333333335,70.2,Saturday,12,True,True,False
2023-12-24,1,53,19.159722222222225,12.095833333333333,10.1,14.4,66.04166666666667,0.1,0.1,1012.775,61.583333333333336,16.7625,48.6,Sunday,12,True,True,False
2023-12-25,1,74,30.883895131086145,13.583333333333334,11.9,15.9,79.5,0.0,0.0,1016.9125,21.416666666666668,21.5,43.9,Monday,12,False,False,False
2023-12-26,1,78,36.423611111111114,13.549999999999999,12.0,15.4,83.91666666666667,0.0,0.0,1020.4291666666667,0.125,18.25,37.4,Tuesday,12,False,False,False
2023-12-27,1,80,37.52083333333333,12.1875,7.8,15.2,86.25,0.2,0.2,1023.1,11.041666666666666,13.600000000000001,38.5,Wednesday,12,False,True,False
2023-12-28,1,81,38.71929824561404,9.075,5.5,14.3,88.75,0.0,0.0,1027.5291666666667,12.5,5.258333333333334,19.4,Thursday,12,False,False,False
2023-12-29,1,74,36.89583333333333,8.575000000000001,5.5,11.2,90.33333333333333,0.0,0.0,1022.8083333333334,15.916666666666666,10.8375,30.6,Friday,12,False,False,False
2023-12-30,1,62,27.07638888888889,9.866666666666667,6.6,13.6,85.875,0.2,0.2,1021.0416666666666,51.958333333333336,9.383333333333333,21.6,Saturday,12,True,True,False
2023-12-31,1,40,10.868327402135233,10.408333333333333,7.6,14.8,90.08333333333333,0.2,0.2,1020.8166666666666,71.375,6.054166666666667,17.3,Sunday,12,True,True,False
